INSERT INTO Specification (CPU, RAM, ROM, Screen, Graphic_Card, Battery, Weight, Webcam, Operating_System, Connection_Port, Mux_Switch)
VALUES 
('Intel core i5-1340P (12 lõi, 16 luồng, up to 4.6GHz, 12MB cache)', '16GB LPDDR5 4800MHz', 'SSD 512GB M.2 PCIe NVMe', '16" FHD+ (1920 x 1200; 16:10) Anti-Glare Non-Touch 250nits WVA Display with ComfortView Support', 'Intel Iris Xe Graphics', '4-Cell, 54Wh', '1.85 kg', 'HD camera', 'Window 11 Home', '2x USB 3.2 Gen 1 Type A, 1x USB Type-C Thunderbolt 4.0 port with DisplayPort and Power Delivery, 1x HDMI 1.4 port, 1x SD-card slot, 1x Jack tai nghe 3.5mm, 1x Power-adapter port 4.5 mm x 2.9 mm DC-in', FALSE),

('Intel Core i7-1360P (1.6GHz up to 5.0Hz, 12 lõi, 16 luồng, 18MB Cache)', '16GB LPDDR5 4800MHz', 'SSD 512GB M.2 PCIe NVMe', '16" FHD+ (1920 x 1200; 16:10) Anti-Glare Non-Touch 250nits WVA Display with ComfortView Support', 'Intel Iris Xe Graphics', '4-Cell, 54Wh', '1.85 kg', 'HD camera', 'Window 11 Home', '2x USB 3.2 Gen 1 Type A, 1x USB Type-C Thunderbolt 4.0 port with DisplayPort and Power Delivery, 1x HDMI 1.4 port, 1x SD-card slot, 1x Jack tai nghe 3.5mm, 1x Power-adapter port 4.5 mm x 2.9 mm DC-in', FALSE),

('Intel core i5-1240P (12 MB cache, 12 lõi, 16 luồng, up to 4.40 GHz Turbo)', '16GB 2x8 GB DDR4 3200MHz', 'SSD 512GB M.2 PCIe NVMe', '16" FHD+ (1920 x 1200; 16:10) Anti-Glare Non-Touch 300nits WVA Display with ComfortView Support, 100% sRGB', 'Intel Iris Xe Graphics', '4-Cell, 54Wh', '1.8 kg', '1080p at 30 fps FHD camera', 'Window 11 Home', '2x USB 3.2 Gen 1 ports, 1x USB 3.2 Gen 2x2 Type-C port with DisplayPort and Power Delivery, 1x HDMI 1.4 port, 1x Headset jack', FALSE),

('AMD Ryzen 5 8640HS (6-lõi/12-luồng Processor)', '8GB 1x8GB DDR5 5600MHz', 'SSD 512GB M.2 PCIe NVMe', '14" FHD+ (1920 x 1200; 16:10) Touch 250nits WVA Display with ComfortView Support, 100% sRGB', 'AMD Radeon Graphics', '4-Cell, 54Wh', '1.7 kg', '720p 30 fps FHD camera', 'Window 11 Home', '1x HDMI 1.4, 2x USB Type-C (Power Delivery và DisplayPort), 2x USB Type-A, 1x SD Card Reader, 1x Headphone & Microphone Audio Jack.', FALSE),

('Intel Core i5-13420H (2.00GHz up to 4.60GHz 12MB Cache)', '8GB DDR4 3200MHz', 'SSD 512GB, PCIe Gen4, 16 Gb/s, NVMe', '15.6" FHD (1920 x 1080) IPS, 60Hz, Slim Bezel, Acer ComfyView', 'NVIDIA GeForce RTX 2050 4GB GDDR6', '3-Cell, 50Wh', '1.7 kg', '1080p at 30 fps FHD camera', 'Window 11 Home', '1 x USB Type-C port supporting: USB 3.2 Gen 2, Thunderbolt™ 4, 2 x USB 3.2 Gen 1 Type-A, 1 x HDMI® 2.1 port with HDCP support, 1 x 3.5 mm headphone/speaker jack, supporting headsets with built-in microphone, 1 x Ethernet (RJ-45) port, 1 x DC-in jack for AC adapter', FALSE),

('Intel Core Ultra 5-125H (3.60 GHz up to 4.50 GHz, 18MB Cache, 14 lõi, 18 luồng)', '16GB LPDDR5x 6400MHz', ' SSD 512GB M.2 NVMe', '14" FHD (2880 x 1800) IPS, 120Hz, Slim Bezel, Acer ComfyView 400 nits, 100% sRGB', 'Intel Arc Graphics', '4 cell 65Wh', '1.3 kg', 'QHD webcam', 'Window 11 Home', '2 x USB 3.2, 2 x Thunderbolt 4, 1 x micro SD card slot, Audio combo, 1 x HDMI', FALSE),

('Core i5-12500H (12 lõi/16 luồng,3,3 Ghz-4,5 Ghz)', '16GB DDR5 4800MHz', 'SSD 512GB NVMe', '15" FHD (1920 x 1080) IPS 144Hz slim bezel LCD', 'NVIDIA GeForce RTX 4050 6GB GDDR6', '4 cell 57Wh', '2.4 kg', 'HD webcam', 'Window 11 Home', '1 x USB 3.2 Gen 2 port featuring power-off USB charging, 2 x USB 3.2 Gen 1 ports, 1 x USB Type-C port: USB 3.2 Gen 2 (up to 10 Gbps), 1 x HDMI® port with HDCP support', FALSE),

('AMD Ryzen 7-7735HS (8 lõi/16 luồng, 16MB L3 cache, up to 4.7 GHz max boost)', '16GB DDR5 4800MHz', 'SSD 512GB M.2 PCIe Gen4',  '16" FHD+ (1920 x 1200) 165Hz, 7ms, 250 nits, Chống chói, FreeSync Premium, 100% sRGB', 'AMD Radeon RX 7700S 8GB GDDR6', '90WHrs 4S1P, 4-cell Li-ion', '2.2 kg', 'HD webcam', 'Window 11 Home', '1x RJ45 LAN, 1x USB 3.2 Gen 2 Type-C (DisplayPort), 1x USB 3.2 Gen 2 Type-C (DisplayPort / Sạc), 2x USB 3.2 Gen 1 Type-A, 1x HDMI 2.1 FRL, 1x 3.5mm Combo Audio Jack', FALSE),

('Intel Core Ultra 7 155H (24MB Cache, 1.4 GHz up to 4.8 GHz, 16 lõi, 22 luồng); Intel AI Boost NPU', '16GB LPDDR5X 7467MHz', '1TB M.2 PCIe Gen 4 NVMe SSD', '14" FHD (1920 x 1200) OLED 16:10 aspect ratio, 500 nits,  100% DCI-P3 color gamut, Touch screen', 'Intel Arc Graphics', '75WHrs, 2S2P, 4-cell Li-ion', '1.28 kg', 'FHD camera', 'Window 11 Home', '1x USB 3.2 Gen 1 Type-A, 2x Thunderbolt™ 4 supports display / power delivery, 1x HDMI 2.1 TMDS, 1x 3.5mm Combo Audio Jack', FALSE),

('Intel Core Ultra 5 125H (2.3 GHz up to 4.5 Hz, 14 lõi, 18 luồng, 18MB Cache)', '16GB LPDDR5x 7467MT/s', 'SSD 512GB PCIe 4.0', '14.5" 2.5K (2560x1600) IPS, LED, 90Hz, 100% sRGB', 'Intel Arc Graphics', '4 cell 85Wh', '1.5 kg', '1080p IR', 'Window 11 Home', '1x USB type C, 1x HDMI 2.1, 1x Thunderbolt, 1x Headphone / mic combo 3.5, 2x USB type A, 1x TGX, 1x Đầu đọc thẻ SD, 1x RJ45', FALSE),

('AMD Ryzen 7 7435HS (3.10GHz up to 4.50GHz, 4MB L2 / 16MB L3 Cache)', '16GB DDR5 4800 SODIMM', 'SSD 512GB M.2 2242 PCIe® 4.0x4 NVMe', '15.6" FHD (1920x1080) IPS 300nits Anti-glare, 100% sRGB, 144Hz, G-SYNC', 'NVIDIA GeForce RTX 4050 6GB GDDR6', '4 cell 60Wh', '2.4 kg', 'HD 720p with E-shutter', 'Window 11 Home', '3x USB-A (USB 5Gbps/USB 3.2 Gen 1), 1x USB-C (USB 10Gbps/USB 3.2 Gen 2), with Lenovo® PD 140W and DisplayPort™ 1.4, 1x HDMI 2.1, up to 8K/60Hz, 1x Headphone/microphone combo jack (3.5mm), 1x Ethernet (RJ-45), 1x Power connector', FALSE),

('Intel Core i5-13500H (18M Cache, up to 4.70 GHz, 12 lõi, 16 luồng)', '16BG DDR4 3200MHz Soldered, up to 40BG', 'SSD 1TB M.2 PCIe Gen 4 NVMe', '14" 2.2K (2240x1400) IPS 300 nits, Anti-glare, 100% sRGB, 60Hz', 'Intel UHD Graphics', '4 cell 57Wh', '1.43 kg', 'FHD camera', 'Window 11 Home', '1x RJ45, 1x USB-A 3.2(Always On), 1x USB-A 2.0, 1x HDMI 2.0, 1x Thunderbolt™ 4', FALSE),

('Intel Core i7-8750H', '16GB DDR4 Bus 2666MHz', 'SSD 512GB', '15.6" FHD', 'Intel HD Quadro P2000', '6 Cells', '2.79 kg', 'HD 720p', 'Window 10 Home', 'VGA, USB 3.0 và 2.0, LAN, Display Port', FALSE),

('Intel Core i7-7820HQ', '16GB DDR4 Bus 2400MHz', 'SSD 512GB', '15.6" FHD', 'NVIDIA Quadro M2200M 4GB', '6 Cells', '2.6 kg', 'HD 720p', 'Window 10 Home', '4xUSB 3.1 Gen 1, 1xUSB-C (Thunderbolt 3), 1xHDMI 1.4b, 1xMini DisplayPort 1.2a, SD Card Reader, RJ-45, 3.5mm combo jack', FALSE),

('Intel Core i5-1135G7 (4 lõi/8 luồng, 2.40 Ghz upto 4.20 Ghz, 8Mb cache)', '8GB DDR4 3200MHz', 'SSD 256GB', '15.6" FHD+', 'Intel Iris Xe graphics', '37WHrs, 2S1P, 2-cell Li-ion', '1.80 kg', 'VGA camera', 'Window 11 Home', '1x USB 3.2 Gen 1 Type-A, 1x USB 3.2 Gen 1 Type-C, 2x USB 2.0 Type-A, 1x HDMI 1.4, 1x 3.5mm Combo Audio Jack, 1x DC-in', FALSE);
-- pause here

INSERT INTO Laptop (SpecID, Name, Brand, Price, State, Sale, Available)
VALUES 
(1, 'Dell Inspiron 16 5630', 'Dell', 18990000, 'New', 5, TRUE),
(2, 'Dell Inspiron 16 Plus', 'Dell', 25990000, 'New', 10, TRUE),
(3, 'Dell Latitude 5440', 'Dell', 22490000, 'New', 0, TRUE),
(4, 'Dell Inspiron 14', 'Dell', 16990000, 'New', 5, TRUE),
( 5, 'Acer Nitro 5 Gaming', 'Acer', 21990000, 'New', 10, TRUE),
(6, 'Acer Swift 14', 'Acer', 27990000, 'New', 5, TRUE),
(7, 'Acer Nitro V 15', 'Acer', 23990000, 'New', 0, TRUE),
(8, 'ASUS ROG Zephyrus G16', 'ASUS', 39990000, 'New', 5, TRUE),
(9, 'ASUS Zenbook S 13', 'ASUS', 32990000, 'New', 10, TRUE),
(10, 'Lenovo ThinkBook 14s Gen 5', 'Lenovo', 25990000, 'New', 5, TRUE),
(11, 'Lenovo Legion 5 Gaming', 'Lenovo', 26490000, 'New', 5, TRUE),
(12, 'Lenovo ThinkPad T14 Gen 4', 'Lenovo', 29990000, 'New', 0, TRUE),
(13, 'HP ZBook 15', 'HP', 32990000, 'Used', 20, TRUE),
(14, 'HP ZBook Studio G4', 'HP', 30990000, 'Used', 15, TRUE),
(15, 'Dell Vostro 15 3500', 'Dell', 12990000, 'New', 5, TRUE);
-- pause here

INSERT INTO category (name)
VALUES 	('Hoc-tap-van-phong'), ('Laptop-Gaming'), ('Do-hoa-hieu-nang-cao'), ('Mong-nhe-cao-cap'),
        ('Asus-TUF'), ('Asus-Zenbook'), ('Asus-VivoBook'), ('Asus-ROG'),
		('Dell-Alienware'), ('Dell-Precision'), ('Dell-XPS'), ('Dell-Vostro'), ('Dell-Inspiron'),
        ('Acer-Aspire'), ('Acer-Nitro'), ('Acer-Predator'), ('Acer-Swift'),
        ('Lenovo-Ideapad'), ('Lenovo-ThinkBook'), ('Lenovo-Legion'), ('Lenovo-Thinkpad'), ('Lenovo-LOQ'),
        ('HP-Pavilion'), ('HP-Omen'), ('HP-Envy'),
        ('MSI-Modern'), ('MSI-Bravo'), ('MSI-Sword'), ('MSI-Katana');
-- pause here

INSERT INTO LaptopCategory(CateID, LaptopID)
VALUES 	(1, 15), (1, 5), (1, 4), (1, 3), (1, 1), (1, 6), (1, 9), (1, 12),
		(2, 7), (2, 8), (2, 11),
        (3, 14), (3, 13),
        (4, 10), (4, 9), (4, 2), (4, 12), (4, 6),
        (5, 8), (6, 9), (7, 15),
        (10, 13), (13, 1), (13, 2), (13, 3),
        (14, 5), (15, 7), (17, 6),
        (19, 10), (21, 14), (21, 12), (22, 11);
-- pause here

INSERT INTO `User` (Name, Email, Phone, Pass, Role, registration_date, UserAdress) 
VALUES
('Nguyễn Văn A', 'nguyenvana@example.com', '0987654321', '$2a$10$VN1MG9ERTzFvqyld3phW0OSddS4lpj.IjeoZNr5vYLYrHRiyFXgqW', 'customer', '2025-04-10', 'Số 10, Đường Nguyễn Văn Cừ, Quận 1, TP.HCM'),
('Trần Thị B', 'tranthib@example.com', '0976543210', '$2a$10$VN1MG9ERTzFvqyld3phW0OSddS4lpj.IjeoZNr5vYLYrHRiyFXgqW', 'admin', '2025-04-08', 'Số 5, Đường Phan Xích Long, Quận Phú Nhuận, TP.HCM');
-- phần này để làm cảnh, dùng postman để đăng ký với đường dẫn (http://localhost:8080/register)

INSERT INTO status (Name, Description)
VALUES ('Đang giao', 'Chú ý điện thoại để nhận hàng nhé'),
       ('Đã giao', 'Cho shop xin đánh giá về sản phẩm nhé'),
       ('Đã hủy', 'Mọi thông tin chi tiết hơn xin liên hệ shop');
-- pause here

-- INSERT INTO cart_detail(laptop_id, user_id, quantity)
-- VALUES	(1, 1, 1), (2, 1, 1), (4, 1, 1), (5, 1, 1),
-- 		(3, 2, 1), (6, 2, 1), (7, 2, 1), (8, 2, 1),
--         (9, 3, 1), (10, 3, 1), (11, 3, 1), (12, 3, 1);
-- -- pause here

INSERT INTO payment_method(Name)
VALUES ('Thanh toán tại cửa hàng'),
       ('Thanh toán khi nhận hàng');
-- pause here

-- INSERT INTO customer_order(shipping_address, total_price, payment_method_id, status_id, user_id)
-- VALUES	('Số 1, Đường Láng, Quận Đống Đa, Hà Nội', 78997000, 1, 2, 1),
-- 		('Số 10, Phố Huế, Quận Hai Bà Trưng, Hà Nội', 19990000, 2, 1, 1),
--         ('Số 50, Đường Kim Mã, Quận Ba Đình, Hà Nội', 39980000, 1, 2, 2),
--         ('Số 25, Phố Trần Duy Hưng, Quận Cầu Giấy, Hà Nội', 27990000, 1, 1, 2),
--         ('Số 123, Phố Tràng Thi, Quận Hoàn Kiếm, Hà Nội', 55980000, 1, 1, 3);
-- -- pause here

-- INSERT INTO order_detail(quantity, unit_price, laptop_id, customer_order_id)
-- VALUES	(1, 26990000, 2, 1), (1, 25990000, 10, 1), (1, 25990000, 11, 2), (1, 23990000, 5, 3),
-- 		(1, 19990000, 3, 3), (1, 19990000, 4, 4), (1, 27990000, 9, 5),
--         (2, 27990000, 8, 5);
-- -- pause here

INSERT INTO laptop_comment(Content, Post_At, Update_At, LaptopID, UserID)
VALUES	('Laptop dùng sướng mỗi tội hơi nóng', '2024-10-15 17:48:23', null, 8, 1),
		('Không có gì để chê', '2024-10-10 15:48:23', null, 11, 2),
        ('Sản phẩm này đẹp ghê', '2024-10-15 17:48:23', null, 9, 1);
-- pause here

INSERT INTO image (File_Path, LaptopID)
VALUES	('image/laptop/DellInspiron165630_1.jpg', 1), ('image/laptop/DellInspiron165630_2.jpg', 1), ('image/laptop/DellInspiron165630_3.jpg', 1), ('image/laptop/DellInspiron165630_4.jpg', 1), ('image/laptop/DellInspiron165630_5.jpg', 1), ('image/laptop/DellInspiron165630_6.jpg', 1), ('image/laptop/DellInspiron165630_7.jpg', 1), ('image/laptop/DellInspiron165630_8.jpg', 1),
		('image/laptop/DellInspiron165630_1.jpg', 2), ('image/laptop/DellInspiron165630_2.jpg', 2), ('image/laptop/DellInspiron165630_3.jpg', 2), ('image/laptop/DellInspiron165630_4.jpg', 2), ('image/laptop/DellInspiron165630_5.jpg', 2), ('image/laptop/DellInspiron165630_6.jpg', 2), ('image/laptop/DellInspiron165630_7.jpg', 2), ('image/laptop/DellInspiron165630_7.jpg', 1),
        ('image/laptop/DellInspiron165620_1.jpg', 3), ('image/laptop/DellInspiron165620_2.jpg', 3), ('image/laptop/DellInspiron165620_3.jpg', 3), ('image/laptop/DellInspiron165620_4.jpg', 3), ('image/laptop/DellInspiron165620_5.jpg', 3), ('image/laptop/DellInspiron165620_6.jpg', 3), ('image/laptop/DellInspiron165620_7.jpg', 3),
        ('image/laptop/DellInspiron74452-in-1_1.jpg', 4), ('image/laptop/DellInspiron74452-in-1_2.jpg', 4), ('image/laptop/DellInspiron74452-in-1_3.jpg', 4), ('image/laptop/DellInspiron74452-in-1_4.jpg', 4), ('image/laptop/DellInspiron74452-in-1_5.jpg', 4), ('image/laptop/DellInspiron74452-in-1_6.jpg', 4), ('image/laptop/DellInspiron74452-in-1_7.jpg', 4), ('image/laptop/DellInspiron74452-in-1_8.jpg', 4),
        ('image/laptop/AcerAspire5A515-58GM-53PZ_1.jpg', 5), ('image/laptop/AcerAspire5A515-58GM-53PZ_2.jpg', 5), ('image/laptop/AcerAspire5A515-58GM-53PZ_3.jpg', 5), ('image/laptop/AcerAspire5A515-58GM-53PZ_4.jpg', 5), ('image/laptop/AcerAspire5A515-58GM-53PZ_5.jpg', 5), ('image/laptop/AcerAspire5A515-58GM-53PZ_6.jpg', 5), ('image/laptop/AcerAspire5A515-58GM-53PZ_7.jpg', 5),
        ('image/laptop/AcerSwiftGo14AISFG14-73-53X7_1.jpg', 6), ('image/laptop/AcerSwiftGo14AISFG14-73-53X7_2.jpg', 6), ('image/laptop/AcerSwiftGo14AISFG14-73-53X7_3.jpg', 6), ('image/laptop/AcerSwiftGo14AISFG14-73-53X7_4.jpg', 6), ('image/laptop/AcerSwiftGo14AISFG14-73-53X7_5.jpg', 6), ('image/laptop/AcerSwiftGo14AISFG14-73-53X7_6.jpg', 6), ('image/laptop/AcerSwiftGo14AISFG14-73-53X7_7.jpg', 6),
        ('image/laptop/AcerNitro5AN515-5856CH_1.jpg', 7), ('image/laptop/AcerNitro5AN515-5856CH_2.jpg', 7), ('image/laptop/AcerNitro5AN515-5856CH_3.jpg', 7), ('image/laptop/AcerNitro5AN515-5856CH_4.jpg', 7), ('image/laptop/AcerNitro5AN515-5856CH_5.jpg', 7), ('image/laptop/AcerNitro5AN515-5856CH_6.jpg', 7),
        ('image/laptop/ASUSTUFGamingA16AdvantageEdition2023FA617NT_1.jpg', 8), ('image/laptop/ASUSTUFGamingA16AdvantageEdition2023FA617NT_2.jpg', 8), ('image/laptop/ASUSTUFGamingA16AdvantageEdition2023FA617NT_3.jpg', 8), ('image/laptop/ASUSTUFGamingA16AdvantageEdition2023FA617NT_4.jpg', 8), ('image/laptop/ASUSTUFGamingA16AdvantageEdition2023FA617NT_5.jpg', 8), ('image/laptop/ASUSTUFGamingA16AdvantageEdition2023FA617NT_6.jpg', 8),
        ('image/laptop/AsusZenbook14OLEDQ425MA2024_1.jpg', 9), ('image/laptop/AsusZenbook14OLEDQ425MA2024_2.jpg', 9), ('image/laptop/AsusZenbook14OLEDQ425MA2024_3.jpg', 9), ('image/laptop/AsusZenbook14OLEDQ425MA2024_4.jpg', 9), ('image/laptop/AsusZenbook14OLEDQ425MA2024_5.jpg', 9), ('image/laptop/AsusZenbook14OLEDQ425MA2024_6.jpg', 9), ('image/laptop/AsusZenbook14OLEDQ425MA2024_7.jpg', 9),
		('image/laptop/LenovoThinkbook14G6+2024_1.jpg', 10), ('image/laptop/LenovoThinkbook14G6+2024_2.jpg', 10), ('image/laptop/LenovoThinkbook14G6+2024_3.jpg', 10), ('image/laptop/LenovoThinkbook14G6+2024_4.jpg', 10), ('image/laptop/LenovoThinkbook14G6+2024_5.jpg', 10), ('image/laptop/LenovoThinkbook14G6+2024_6.jpg', 10),
        ('image/laptop/LenovoLOQ202415ARP9_1.jpg', 11), ('image/laptop/LenovoLOQ202415ARP9_2.jpg', 11), ('image/laptop/LenovoLOQ202415ARP9_3.jpg', 11), ('image/laptop/LenovoLOQ202415ARP9_4.jpg', 11), ('image/laptop/LenovoLOQ202415ARP9_5.jpg', 11), ('image/laptop/LenovoLOQ202415ARP9_6.jpg', 11),
        ('image/laptop/LenovoThinkPadE14Gen5_1.jpg', 12), ('image/laptop/LenovoThinkPadE14Gen5_2.jpg', 12), ('image/laptop/LenovoThinkPadE14Gen5_3.jpg', 12), ('image/laptop/LenovoThinkPadE14Gen5_4.jpg', 12), ('image/laptop/LenovoThinkPadE14Gen5_5.jpg', 12), ('image/laptop/LenovoThinkPadE14Gen5_6.jpg', 12), ('image/laptop/LenovoThinkPadE14Gen5_7.jpg', 12), ('image/laptop/LenovoThinkPadE14Gen5_8.jpg', 12),
        ('image/laptop/DellPrecision7530_1.jpg', 13), ('image/laptop/DellPrecision7530_2.jpg', 13), ('image/laptop/DellPrecision7530_3.jpg', 13), ('image/laptop/DellPrecision7530_4.jpg', 13), ('image/laptop/DellPrecision7530_5.jpg', 13), ('image/laptop/DellPrecision7530_6.jpg', 13),
        ('image/laptop/LenovoThinkpadP51_1.jpg', 14), ('image/laptop/LenovoThinkpadP51_2.jpg', 14), ('image/laptop/LenovoThinkpadP51_3.jpg', 14), ('image/laptop/LenovoThinkpadP51_4.jpg', 14), ('image/laptop/LenovoThinkpadP51_5.jpg', 14), ('image/laptop/LenovoThinkpadP51_6.jpg', 14), ('image/laptop/LenovoThinkpadP51_7.jpg', 14),
        ('image/laptop/AsusVivobook15R565EA-UH51T_1.jpg', 15), ('image/laptop/AsusVivobook15R565EA-UH51T_2.jpg', 15), ('image/laptop/AsusVivobook15R565EA-UH51T_3.jpg', 15), ('image/laptop/AsusVivobook15R565EA-UH51T_4.jpg', 15);
